word,bangla_pronunciation,bangla_meaning,Memory Trick / Syllable Breakdown
Disease,ডিজিজ,রোগ,Dis-ease(Ease-A state of being relaxed)
Demonstrate,ডেমোনস্ট্রেট,প্রদর্শন করুন,Demonstrate
Existence,এক্সিস্টেন্স,অস্তিত্ব,Existence
Immediate,ইমিডিয়েট,অবিলম্বে,Immediate
Prosperity,প্রসপারিটি,সমৃদ্ধি,Prosperity
Withdrawal,উইথড্রয়াল,প্রত্যাহার,Withdrawal
Eliminate,এলিমিনেট,নির্মূল করুন,Eliminate
Wilderness,ওয়াইল্ডারনেস,বন্যতা,Wilderness
Fundamental,ফান্ডামেন্টাল,মৌলিক,Fundamental
Satisfaction,স্যাটিস্ফ্যাকশন,সন্তুষ্টি,Satisfaction
Tolerance,টলারেন্স,সহনশীলতা,Tolerance
Judgment,জাজমেন্ট,রায়,Judgment
Itinerary,আইটিন্যারারি,ভ্রমণসূচী,Itinerary
Nutrition,নিউট্রিশন,পুষ্টি,Nutrition
Violation,ভায়োলেশন,লঙ্ঘন,Violation
Possibility,পসিবিলিটি,সম্ভাবনা,Possibility
Variability,ভ্যারিয়াবিলিটি,পরিবর্তনশীলতা,Variability
Advantageous,অ্যাডভান্টেজিয়াস,সুবিধাজনক,Advantageous
Rhythm,রিদম,ছন্দ,Rhythm
Substitute,সাবস্টিটিউট,বিকল্প,Substitute
Leisure,লেজার,অবসর,Leisure
Incentive,ইনসেনটিভ,প্রণোদনা,Incentive
Electricity,ইলেকট্রিসিটি,বিদ্যুৎ,Electricity
Society,সোসাইটি,সমাজ,Society
Business,বিজনেস,ব্যবসা,Business
Stimulation,স্টিমুলেশন,উদ্দীপনা,Stimulation
Degree,ডিগ্রি,ডিগ্রি,Degree
Controversial,কনট্রোভার্সিয়াল,বিতর্কিত,Controversial
Auditorium,অডিটোরিয়াম,অডিটোরিয়াম,Auditorium
Comprehend,কম্প্রিহেন্ড,বোঝা,Comprehend
Hotel,হোটেল,হোটেল,Hotel
Vehicle,ভেহিকেল,যানবাহন,Vehicle
Electronic,ইলেকট্রনিক,ইলেকট্রনিক,Electronic
Thesis,থিসিস,থিসিস,Thesis
Deforestation,ডিফরেস্টেশন,বন উজাড়,Deforestation
Lecture,লেকচার,বক্তৃতা,Lecture
Optimum,অপটিমাম,সর্বোত্তম,Optimum
Wednesday,ওয়েডনেসডে,বুধবার,Wed-nes-day (Wed + nes + day)
Tuesday,টিউসডে,মঙ্গলবার,Tues-day
February,ফেব্রুয়ারি,ফেব্রুয়ারি,Feb-ru-ary (Notice 'ru')
August,আগস্ট,আগস্ট,Au-gust
Autumn,অটাম,শরৎ,Au-tumn (Notice silent 'n')
Calendar,ক্যালেন্ডার,ক্যালেন্ডার,Cal-en-dar (Watch 'dar' at end)
Schedule,শিডিউল / সেডিউল,সময়সূচী,Sche-dule (Sch sound)
Millennium,মিলেনিয়াম,সহস্রাব্দ,"Mil-len-ni-um (Double l, double n)"
Century,সেঞ্চুরি,শতাব্দী,Century
Academic,একাডেমিক,একাডেমিক,Ac-a-dem-ic
Assignment,অ্যাসাইনমেন্ট,অ্যাসাইনমেন্ট,As-sign-ment (As + sign + ment)
Certificate,সার্টিফিকেট,সার্টিফিকেট,Certificate
Curriculum,কারিকুলাম,পাঠ্যক্রম,Cur-ric-u-lum (Double r)
Diploma,ডিপ্লোমা,ডিপ্লোমা,Diploma
Dissertation,ডিসারটেশন,গবেষণাপত্র,Dis-ser-ta-tion (Double s)
Education,এডুকেশন,শিক্ষা,Education
Faculty,ফ্যাকাল্টি,অনুষদ,Faculty
Laboratory,ল্যাবরেটরি,পরীক্ষাগার,Laboratory
Library,লাইব্রেরি,লাইব্রেরি,Library
Professor,প্রফেসর,অধ্যাপক,"Pro-fes-sor (1 f, 2 s's)"
Qualification,কোয়ালিফিকেশন,যোগ্যতা,Qualification
Research,রিসার্চ,গবেষণা,Research
Scholarship,স্কলারশিপ,বৃত্তি,Scholarship
Semester,সেমিস্টার,সেমিস্টার,Semester
Tutor,টিউটর,গৃহশিক্ষক,Tutor
University,ইউনিভার্সিটি,বিশ্ববিদ্যালয়,University
Campus,ক্যাম্পাস,ক্যাম্পাস,Campus
Tuition,টিউশন,টিউশন ফি,Tuition
Plagiarism,প্লেজিয়ারিজম,চৌর্যবৃত্তি,Plagiarism
Assessment,অ্যাসেসমেন্ট,মূল্যায়ন,Assessment
Methodology,মেথডোলজি,পদ্ধতি,Methodology
Pedagogy,পেডাগোজি,শিক্ষাবিদ্যা,Pedagogy
Literacy,লিটারেসি,সাক্ষরতা,Literacy
Discipline,ডিসিপ্লিন,শৃঙ্খলা,Discipline
Knowledge,নলেজ,জ্ঞান,Knowledge
Environment,এনভায়রনমেন্ট,পরিবেশ,En-vi-ron-ment (Notice hidden 'ron')
Agriculture,এগ্রিকালচার,কৃষি,Agriculture
Atmosphere,অ্যাটমোস্ফিয়ার,বায়ুমণ্ডল,Atmosphere
Biodiversity,বায়োডাইভারসিটি,জীববৈচিত্র্য,Biodiversity
Climate,ক্লাইমেট,জলবায়ু,Climate
Conservation,কনজারভেশন,সংরক্ষণ,Conservation
Ecosystem,ইকোসিস্টেম,বাস্তুতন্ত্র,Ecosystem
Geographical,জিওগ্রাফিক্যাল,ভৌগোলিক,Geographical
Pollution,পলিউশন,দূষণ,Pollution
Recycling,রিসাইক্লিং,পুনর্ব্যবহার,Recycling
Temperature,টেম্পারেচার,তাপমাত্রা,Temperature
Vegetation,ভেজিটেশন,গাছপালা,Vegetation
Weather,ওয়েদার,আবহাওয়া,Weather
Catastrophe,ক্যাটাস্ট্রোফি,বিপর্যয়,Catastrophe
Hurricane,হারিকেন,হারিকেন,Hurricane
Earthquake,আর্থকোয়েক,ভূমিকম্প,Earthquake
Contamination,কনটামিনেশন,দূষণ,Contamination
Erosion,ইরোশন,ক্ষয়,Erosion
Global,গ্লোবাল,বিশ্বব্যাপী,Global
Glacier,গ্লেশিয়ার,হিমবাহ,Glacier
Preservation,প্রিজারভেশন,সংরক্ষণ,Preservation
Sustainability,সাসটেইনেবিলিটি,স্থায়িত্ব,Sustainability
Toxic,টক্সিক,বিষাক্ত,Toxic
Accommodation,অ্যাকোমোডেশন,আবাসন,"Ac-com-mo-da-tion (2 c's, 2 m's)"
Apartment,অ্যাপার্টমেন্ট,অ্যাপার্টমেন্ট,Apartment
Destination,ডেস্টিনেশন,গন্তব্য,Destination
Excursion,এক্সকারশন,ভ্রমণ,Excursion
Facility,ফ্যাসিলিটি,সুবিধা,Facility
Location,লোকেশন,অবস্থান,Location
Passenger,প্যাসেঞ্জার,যাত্রী,Passenger
Passport,পাসপোর্ট,পাসপোর্ট,Passport
Reservation,রিজারভেশন,সংরক্ষণ,Reservation
Restaurant,রেস্টুরেন্ট,রেস্তোরাঁ,Res-tau-rant (Watch 'tau')
Tourism,ট্যুরিজম,পর্যটন,Tourism
Transportation,ট্রান্সপোর্টেশন,পরিবহন,Transportation
Luggage,লাগেজ,লাগেজ,Luggage
Baggage,ব্যাগেজ,মালপত্র,Baggage
Souvenir,সুভেনির,স্মারকচিহ্ন,Souvenir
Departure,ডিপার্চার,প্রস্থান,Departure
Arrival,অ্যারাইভাল,আগমন,Arrival
Journey,জার্নি,যাত্রা,Journey
Terminal,টার্মিনাল,টার্মিনাল,Terminal
Expedition,এক্সপেডিশন,অভিযান,Expedition
Architecture,আর্কিটেকচার,স্থাপত্য,Architecture
Sights,সাইটস,দর্শনীয় স্থান,Sights
Government,গভর্নমেন্ট,সরকার,Gov-ern-ment (Notice hidden 'ern')
Administration,অ্যাডমিনিস্ট্রেশন,প্রশাসন,Administration
Authority,অথরিটি,কর্তৃপক্ষ,Authority
Commercial,কমার্শিয়াল,বাণিজ্যিক,Commercial
Community,কমিউনিটি,সম্প্রদায়,Community
Economy,ইকোনমি,অর্থনীতি,Economy
Employment,এমপ্লয়মেন্ট,কর্মসংস্থান,Employment
Financial,ফাইন্যান্সিয়াল,আর্থিক,Financial
Industry,ইন্ডাস্ট্রি,শিল্প,Industry
Management,ম্যানেজমেন্ট,ব্যবস্থাপনা,Management
Organisation,অর্গানাইজেশন,সংগঠন,Organisation
Parliament,পার্লামেন্ট,সংসদ,Parliament
Policy,পলিসি,নীতি,Policy
Bureaucracy,ব্যুরোক্রেসি,আমলাতন্ত্র,Bureaucracy
Democracy,ডেমোক্রেসি,গণতন্ত্র,Democracy
Legislation,লেজিসলেশন,আইন প্রণয়ন,Legislation
Taxation,ট্যাক্সেশন,কর আরোপ,Taxation
Corporation,করপোরেশন,কর্পোরেশন,Corporation
Inflation,ইনফ্লেশন,মুদ্রাস্ফীতি,Inflation
Investment,ইনভেস্টমেন্ট,বিনিয়োগ,Investment
Population,পপুলেশন,জনসংখ্যা,Population
Welfare,ওয়েলফেয়ার,কল্যাণ,Welfare
Infrastructure,ইনফ্রাস্ট্রাকচার,অবকাঠামো,Infrastructure
Activity,অ্যাক্টিভিটি,কার্যকলাপ,Activity
Entertainment,এন্টারটেইনমেন্ট,বিনোদন,Entertainment
Exercise,এক্সারসাইজ,ব্যায়াম,Exercise
Hospital,হাসপাতাল / হসপিটাল,হাসপাতাল,Hospital
Lifestyle,লাইফস্টাইল,জীবনধারা,Lifestyle
Medicine,মেডিসিন,ওষুধ,Medicine
Occupation,অকুপেশন,পেশা,Occupation
Vegetable,ভেজিটেবল,সবজি,Vegetable
Symptom,সিম্পটম,লক্ষণ,Symptom
Prescription,প্রেসক্রিপশন,প্রেসক্রিপশন,Prescription
Physician,ফিজিশিয়ান,চিকিৎসক,Physician
Psychology,সাইকোলজি,মনোবিজ্ঞান,Psychology
Treatment,ট্রিটমেন্ট,চিকিৎসা,Treatment
Hygiene,হাইজিন,স্বাস্থ্যবিধি,Hygiene
Calorie,ক্যালোরি,ক্যালোরি,Calorie
Patient,পেশেন্ট,রোগী,Patient
Emergency,ইমারজেন্সি,জরুরি অবস্থা,Emergency
Technology,টেকনোলজি,প্রযুক্তি,Technology
Computer,কম্পিউটার,কম্পিউটার,Computer
Software,সফটওয়্যার,সফটওয়্যার,Software
Hardware,হার্ডওয়্যার,হার্ডওয়্যার,Hardware
Database,ডেটাবেস,ডাটাবেস,Database
Algorithm,অ্যালগোরিদম,অ্যালগরিদম,Algorithm
Artificial,আর্টিফিশিয়াল,কৃত্রিম,Artificial
Intelligence,ইন্টেলিজেন্স,বুদ্ধিমত্তা,Intelligence
Innovation,ইনোভেশন,উদ্ভাবন,Innovation
Experiment,এক্সপেরিমেন্ট,পরীক্ষা,Experiment
Laboratory,ল্যাবরেটরি,পরীক্ষাগার,Laboratory
Hypothesis,হাইপোথিসিস,অনুমান,Hypothesis
Digital,ডিজিটাল,ডিজিটাল,Digital
Automated,অটোমেটেড,স্বয়ংক্রিয়,Automated
Telecommunication,টেলিকমিউনিকেশন,টেলিযোগাযোগ,Telecommunication
Engineering,ইঞ্জিনিয়ারিং,প্রকৌশল,Engineering
Mechanics,মেকানিক্স,মেকানিক্স,Mechanics
Scientific,সাইন্টিফিক,বৈজ্ঞানিক,Scientific
Achieve,অ্যাচিভ,অর্জন করুন,Achieve
Analyze,অ্যানালাইজ,বিশ্লেষণ করুন,Analyze
Apparent,অ্যাপ্যারেন্ট,স্পষ্ট,Apparent
Argument,আর্গুমেন্ট,যুক্তি,Argument
Beautiful,বিউটিফুল,সুন্দর,Beautiful
Beginning,বিগিনিং,শুরু,Beginning
Believe,বিলিভ,বিশ্বাস করুন,Be-lieve (i before e)
Category,ক্যাটাগরি,বিভাগ,Category
Committee,কমিটি,কমিটি,"Com-mit-tee (2 m's, 2 t's, 2 e's)"
Definite,ডেফিনিট,সুনির্দিষ্ট,De-fi-nite (Watch 'i' not 'a')
Development,ডেভেলপমেন্ট,উন্নয়ন,Development
Difference,ডিফারেন্স,পার্থক্য,Difference
Embarrass,এম্ব্যারাস,বিব্রত,"Em-bar-rass (2 r's, 2 s's)"
Foreign,ফরেন,বিদেশী,Foreign
Guarantee,গ্যারান্টি,গ্যারান্টি,Guar-an-tee (Watch 'ua')
Independent,ইনডিপেন্ডেন্ট,স্বাধীন,Independent
Maintenance,মেইনটেন্যান্স,রক্ষণাবেক্ষণ,Maintenance
Necessary,নেসেসারি,প্রয়োজনীয়,"Ne-ces-sa-ry (1 c, 2 s's)"
Occasion,ওকেশন,উপলক্ষ,Occasion
Opportunity,অপরচুনিটি,সুযোগ,Op-por-tu-ni-ty (2 p's)
Privilege,প্রিভিলেজ,বিশেষাধিকার,Privilege
Receive,রিসিভ,গ্রহণ করুন,Re-ceive (e before i after c)
Recommend,রেকমান্ড,সুপারিশ করুন,Recommend
Separate,সেপারেট,পৃথক,Sep-A-rate (a rat in separate)
Successful,সাকসেসফুল,সফল,"Suc-cess-ful (2 c's, 2 s's, 1 l)"
Tomorrow,টুমরো,আগামীকাল,Tomorrow
Unfortunately,আনফরচুনেটলি,দুর্ভাগ্যবশত,Unfortunately
Absence,অ্যাবসেন্স,অনুপস্থিতি,Absence
Abundant,অ্যাবান্ড্যান্ট,প্রচুর,Abundant
Acceptable,অ্যাকসেপ্টেবল,গ্রহণযোগ্য,Acceptable
Accidentally,অ্যাকসিডেন্টালি,দুর্ঘটনাক্রমে,Accidentally
Acquire,অ্যাকোয়ার,অর্জন করুন,Acquire
Adaptation,অ্যাডাপ্টেশন,অভিযোজন,Adaptation
Adequate,অ্যাডিকেওয়েট,পর্যাপ্ত,Adequate
Adjacent,অ্যাডজাসент,সংলগ্ন,Adjacent
Aggressive,অ্যাগ্রেসিভ,আক্রমণাত্মক,Aggressive
Alternative,অল্টারনেটিভ,বিকল্প,Alternative
Ambiguous,অ্যাম্বিগুয়াস,অস্পষ্ট,Ambiguous
Analysis,অ্যানালাইসিস,বিশ্লেষণ,Analysis
Appreciate,অ্যাপ্রিশিয়েট,প্রশংসা করুন,Appreciate
Appropriate,অ্যাপ্রোপ্রিয়েট,উপযুক্ত,Appropriate
Approximate,অ্যাপ্রোক্সিমেট,আনুমানিক,Approximate
Association,অ্যাসোসিয়েশন,সমিতি,Association
Assumption,অ্যাসাম্পশন,অনুমান,Assumption
Attitude,অ্যাটিটিউড,মনোভাব,Attitude
Attribute,অ্যাট্রিবিউট,বৈশিষ্ট্য,Attribute
Available,অ্যাভেইলএবল,উপলব্ধ,Available
Beneficial,বেনিফিশিয়াল,উপকারী,Beneficial
Boundary,বাউন্ডারি,সীমানা,Boundary
Capacity,ক্যাপাসিটি,ধারণক্ষমতা,Capacity
Challenge,চ্যালেঞ্জ,চ্যালেঞ্জ,Challenge
Characteristic,ক্যারেক্টারিস্টিক,বৈশিষ্ট্য,Characteristic
Circumstance,সারকামস্ট্যান্স,পরিস্থিতি,Circumstance
Coincidence,কয়েনসিডেন্স,কাকতালীয় ঘটনা,Coincidence
Collaboration,কোলাবোরেশন,সহযোগিতা,Collaboration
Colleague,কলিগ,সহকর্মী,Colleague
Combination,কম্বিনেশন,সংমিশ্রণ,Combination
Commitment,কমিটমেন্ট,প্রতিশ্রুতি,Commitment
Comparative,কমপ্যারেটিভ,তুলনামূলক,Comparative
Compensate,কম্পেনসেট,ক্ষতিপূরণ,Compensate
Competent,কম্পিটেন্ট,যোগ্য,Competent
Comprehensive,কম্প্রিহেনসিভ,ব্যাপক,Comprehensive
Conceive,কনসিভ,গর্ভধারণ করুন,Conceive
Concentrate,কনসেন্ট্রেট,মনোযোগ দিন,Concentrate
Consequence,কনসিকোয়েন্স,পরিণতি,Consequence
Considerable,কনসিডারেবল,যথেষ্ট,Considerable
Consistent,কনসিস্টেন্ট,সামঞ্জস্যপূর্ণ,Consistent
Constituent,কনস্টিটিউয়েন্ট,উপাদান,Constituent
Contemporary,কনটেম্পোরারি,সমসাময়িক,Contemporary
Continuous,কন্টিনিউয়াস,ক্রমাগত,Continuous
Contradiction,কনট্রাডিকশন,বৈপরীত্য,Contradiction
Contribution,কন্ট্রিবিউশন,অবদান,Contribution
Convenient,কনভিনিয়েন্ট,সুবিধাজনক,Convenient
Correlation,কোরিলেশন,পারস্পরিক সম্পর্ক,Correlation
Criteria,ক্রাইটেরিয়া,মানদণ্ড,Criteria
Critical,ক্রিটিক্যাল,সমালোচনামূলক,Critical
Crucial,ক্রুশিয়াল,গুরুত্বপূর্ণ,Crucial
Cumulative,কিউমুলেটিভ,ক্রমবর্ধমান,Cumulative
Curiosity,কিউরিওসিটি,কৌতূহল,Curiosity
Deficiency,ডেফিসিয়েন্সি,ঘাটতি,Deficiency
Dependent,ডিপেন্ডেন্ট,নির্ভরশীল,Dependent
Description,ডেসক্রিপশন,বর্ণনা,Description
Desirable,ডিজায়ারেবল,আকাঙ্ক্ষিত,Desirable
Deteriorate,ডিটেরিওরেট,অবনতি,Deteriorate
Dimension,ডাইমেনশন,মাত্রা,Dimension
Disappoint,ডিসঅ্যাপয়েন্ট,হতাশ করুন,Disappoint
Discrimination,ডিসক্রিমিনেশন,বৈষম্য,Discrimination
Distinct,ডিসটিংক্ট,স্বতন্ত্র,Distinct
Diversity,ডাইভারসিটি,বৈচিত্র্য,Diversity
Dominant,ডোমিন্যান্ট,প্রভাবশালী,Dominant
Dramatic,ড্রামাটিক,নাটকীয়,Dramatic
Efficiency,এফিসিয়েন্সি,দক্ষতা,Efficiency
Emphasize,এমফাসাইজ,জোর দিন,Emphasize
Empirical,এমপিরিক্যাল,অভিজ্ঞতামূলক,Empirical
Enormous,এনোরমাস,বিশাল,Enormous
Enthusiasm,এনথুসিয়াজম,উৎসাহ,Enthusiasm
Equivalent,ইকুইভ্যালেন্ট,সমতুল্য,Equivalent
Essential,এসেনশিয়াল,অপরিহার্য,Essential
Establishment,এস্টাবলিশমেন্ট,প্রতিষ্ঠা,Establishment
Evaluate,ইভালুয়েট,মূল্যায়ন করুন,Evaluate
Exaggerate,এক্সাজারেট,অতিরঞ্জিত,Exaggerate
Excellence,এক্সিলেন্স,শ্রেষ্ঠত্ব,Excellence
Exception,এক্সেপশন,ব্যতিক্রম,Exception
Exhaustive,এক্সহস্টিভ,পুঙ্খানুপুঙ্খ,Exhaustive
Expansion,এক্সপ্যানশন,সম্প্রসারণ,Expansion
Expectation,এক্সপেক্টেশন,প্রত্যাশা,Expectation
Experience,এক্সপেরিয়েন্স,অভিজ্ঞতা,Experience
Explanation,এক্সপ্ল্যানেশন,ব্যাখ্যা,Explanation
Fascinating,ফ্যাসিনেটিং,আকর্ষণীয়,Fascinating
Fluctuation,ফ্লাকচুয়েশন,ওঠানামা,Fluctuation
Generosity,জেনারেসিটি,উদারতা,Generosity
Hierarchy,হায়ারার্কি,শ্রেণিবিন্যাস,Hierarchy
Hypocrisy,হিপোক্রেসি,ভণ্ডামি,Hypocrisy
Identify,আইডেন্টিফাই,শনাক্ত করুন,Identify
Illusion,ইলিউশন,বিভ্রম,Illusion
Illustration,ইলাস্ট্রেশন,চিত্র,Illustration
Implement,ইমপ্লিমেন্ট,বাস্তবায়ন করুন,Implement
Implication,ইমপ্লিকেশন,প্রভাব,Implication
Impression,ইম্প্রেশন,ছাপ,Impression
Incidence,ইনসিডেন্স,ঘটনা,Incidence
Incredible,ইনক্রেডিবল,অবিশ্বাস্য,Incredible
Indispensable,ইনডিসপেনসেবল,অপরিহার্য,Indispensable
Individual,ইন্ডিভিজুয়াল,ব্যক্তি,Individual
Inevitable,ইনেভিটেবল,অনিবার্য,Inevitable
Influence,ইনফ্লুয়েন্স,প্রভাব,Influence
Initiative,ইনিশিয়েটিভ,উদ্যোগ,Initiative
Interaction,ইন্টারঅ্যাকশন,মিথস্ক্রিয়া,Interaction
Interpretation,ইন্টারপ্রিটেশন,ব্যাখ্যা,Interpretation
Interruption,ইন্টারাপশন,বাধা,Interruption
Intervention,ইন্টারভেনশন,হস্তক্ষেপ,Intervention
Investigation,ইনভেস্টিগেশন,তদন্ত,Investigation
Irrigation,ইরিগেশন,সেচ,Irrigation
Justification,জাস্টিফিকেশন,ন্যায্যতা,Justification
Leadership,লিডারশিপ,নেতৃত্ব,Leadership
Legitimate,লেজিটিমেট,বৈধ,Legitimate
Likelihood,লাইকলিহুড,সম্ভাবনা,Likelihood
Limitation,লিমিটেশন,সীমাবদ্ধতা,Limitation
Linguistic,লিঙ্গুইস্টিক,ভাষাগত,Linguistic
Magnitude,ম্যাগনিটিউড,মাত্রা,Magnitude
Mandatory,ম্যান্ডেটরি,বাধ্যতামূলক,Mandatory
Manipulation,ম্যানিপুলেশন,কারসাজি,Manipulation
Mechanism,মেকানিজম,প্রক্রিয়া,Mechanism
Mischievous,মিসচিভাস,দুষ্টু,Mischievous
Monotonous,মনোটোনাস,একঘেয়ে,Monotonous
Motivation,মোটিভেশন,অনুপ্রেরণা,Motivation
Negligence,নেগ্লিজেন্স,অবহেলা,Negligence
Negotiation,নেগোশিয়েশন,আলোচনা,Negotiation
Neighbor,নেইবার,প্রতিবেশী,Neighbor
Objective,অবজেক্টিভ,উদ্দেশ্য,Objective
Obligation,অবলিগেশন,বাধ্যবাধকতা,Obligation
Observation,অবজারভেশন,পর্যবেক্ষণ,Observation
Obstacle,অবস্ট্যাকল,বাধা,Obstacle
Occurrence,ওকারেন্স,ঘটনা,Occurrence
Orientation,ওরিয়েন্টেশন,অভিমুখীকরণ,Orientation
Overcome,ওভারকাম,অতিক্রম করা,Overcome
Parallel,প্যারালাল,সমান্তরাল,Parallel
Participant,পার্টিসিপ্যান্ট,অংশগ্রহণকারী,Participant
Particular,পার্টিকুলার,বিশেষ,Particular
Perception,পারসেপশন,উপলব্ধি,Perception
Performance,পারফর্ম্যান্স,কর্মক্ষমতা,Performance
Perspective,পারসপেক্টিভ,দৃষ্টিকোণ,Perspective
Phenomenon,ফেনোমেনন,ঘটনা,Phenomenon
Potential,পটেনশিয়াল,সম্ভাবনা,Potential
Precaution,প্রিকশন,সতর্কতা,Precaution
Predictable,প্রেডিক্টেবল,অনুমানযোগ্য,Predictable
Preference,প্রেফারেন্স,পছন্দ,Preference
Preliminary,প্রিলিমিনারি,প্রাথমিক,Preliminary
Preparation,প্রিপারেশন,প্রস্তুতি,Preparation
Prevalent,প্রেভালেন্ট,প্রচলিত,Prevalent
Priority,প্রায়োরিটি,অগ্রাধিকার,Priority
Probability,প্রোবাবিলিটি,সম্ভাবনা,Probability
Procedure,প্রোসিডিউর,পদ্ধতি,Procedure
Proportion,প্রোপোরশন,অনুপাত,Proportion
Psychological,সাইকোলজিক্যাল,মনস্তাত্ত্বিক,Psychological
Qualitative,কোয়ালিটেটিভ,গুণগত,Qualitative
Quantitative,কোয়ান্টিটেটিভ,পরিমাণগত,Quantitative
Questionnaire,কোশ্চেনায়ার,প্রশ্নাবলী,Questionnaire
Random,র্যান্ডম,র‍্যান্ডম,Random
Rational,রেশনাল,যুক্তিসঙ্গত,Rational
Recognition,রেকগনিশন,স্বীকৃতি,Recognition
Recommendation,রেকমান্ডেশন,সুপারিশ,Recommendation
Redundancy,রিডানড্যান্সি,ছাঁটাই,Redundancy
Refendum,রেফারেন্ডাম,রেফেন্ডাম,Refendum
Regulation,রেগুলেশন,প্রবিধান,Regulation
Relevance,রেলেভ্যান্স,প্রাসঙ্গিকতা,Relevance
Reliability,রিল্যায়াবিলিটি,নির্ভরযোগ্যতা,Reliability
Reluctant,রিল্যাকট্যান্ট,অনিচ্ছুক,Reluctant
Requirement,রিকোয়ারমেন্ট,প্রয়োজনীয়তা,Requirement
Resistance,রেজিস্ট্যান্স,প্রতিরোধ,Resistance
Resolution,রেজোলিউশন,সমাধান,Resolution
Respective,রেসপেক্টিভ,যথাক্রমে,Respective
Restriction,রেস্ট্রিকশন,সীমাবদ্ধতা,Restriction
Revolutionary,রেভোলিউশনারি,বিপ্লবী,Revolutionary
Sacrifice,স্যাক্রিফাইস,ত্যাগ,Sacrifice
Sanctuary,স্যাঙ্কচুয়ারি,অভয়ারণ্য,Sanctuary
Scenario,সিনারিও,দৃশ্যকল্প,Scenario
Secular,সেক্যুলার,ধর্মনিরপেক্ষ,Secular
Segregation,সেগ্রিগেশন,বিচ্ছিন্নতা,Segregation
Sequence,সিকোয়েন্স,ক্রম,Sequence
Significance,সিগনিফিক্যান্স,তাৎপর্য,Significance
Simultaneous,সাইমালটেনিয়াস,একযোগে,Simultaneous
Sovereignty,সোভেরেনটি,সার্বভৌমত্ব,Sovereignty
Specific,স্পেসিফিক,নির্দিষ্ট,Specific
Speculation,স্পেকুলেশন,জল্পনা,Speculation
Spontaneous,স্পন্টেনিয়াস,স্বতঃস্ফূর্ত,Spontaneous
Statistics,স্ট্যাটিস্টিক্স,পরিসংখ্যান,Statistics
Strategy,স্ট্র্যাটেজি,কৌশল,Strategy
Structure,স্ট্রাকচার,কাঠামো,Structure
Substantial,সাবস্ট্যানশিয়াল,যথেষ্ট,Substantial
Sufficient,সাফিশিয়েন্ট,পর্যাপ্ত,Sufficient
Supervision,সুপারভিশন,তত্ত্বাবধান,Supervision
Supplement,সাপ্লিমেন্ট,পরিপূরক,Supplement
Surveillance,সার্ভেইল্যান্স,নজরদারি,Surveillance
Sympathetic,সিমপ্যাথেটিক,সহানুভূতিশীল,Sympathetic
Systematic,সিস্টেমেটিক,পদ্ধতিগত,Systematic
Target,টার্গেট,লক্ষ্য,Target
Technique,টেকনিক,কৌশল,Technique
Tendency,টেন্ডেন্সি,প্রবণতা,Tendency
Theoretical,থিওরেটিক্যাল,তাত্ত্বিক,Theoretical
Tradition,ট্রেডিশন,ঐতিহ্য,Tradition
Transformation,ট্রান্সফরমেশন,রূপান্তর,Transformation
Transition,ট্রানজিশন,রূপান্তর,Transition
Tremendous,ট্রেমেন্ডাস,অসাধারণ,Tremendous
Unanimous,ইউন্যানিমাস,সর্বসম্মত,Unanimous
Uncertainty,আনসার্টেইনটি,অনিশ্চয়তা,Uncertainty
Underestimate,আন্ডারএস্টিমেট,অবমূল্যায়ন,Underestimate
Undertake,আন্ডারটেক,উদ্যোগ গ্রহণ করুন,Undertake
Uniformity,ইউইউনিফরমিটি,অভিন্নতা,Uniformity
Unprecedented,আনপ্রেসিডেন্টেড,অভূতপূর্ব,Unprecedented
Utilization,ইউটিলাইজেশন,ব্যবহার,Utilization
Validity,ভ্যালিডিটি,বৈধতা,Validity
Verification,ভেরিফিকেশন,যাচাইকরণ,Verification
Versatile,ভার্সাটাইল,বহুমুখী,Versatile
Virtually,ভার্চুয়ালি,কার্যত,Virtually
Vocabulary,ভোকেবুলারি,শব্দভান্ডার,Vocabulary
Vulnerability,ভালনারেবিলিটি,দুর্বলতা,Vulnerability
Widespread,ওয়াইডস্প্রেড,ব্যাপক,Widespread
Yield,ইল্ড,ফলন,Yield